{
  "model_path": "/Users/gagandeepvijayaraghavan/MLOPS/MLOPS-Project/models/model.pkl",
  "metrics": {
    "accuracy_score": 0.9314772266522503,
    "precision_score": 0.9292730844793713,
    "recall_score": 0.9452910317262053,
    "roc_auc_score": 0.97042806087425
  },
  "timestamp": "2026-06-15T22:18:26.939871Z",
  "rows_evaluated": 7399,
  "feature_count": 1405
}